,UUID,HOSTNAME,ALIAS,TIMESTAMP,STREAMS,THROUGHPUT (Sender),THROUGHPUT (Receiver),LATENCY (min.),LATENCY (max.),LATENCY (mean),RETRANSMITS,CONGESTION (Sender),CONGESTION (Receiver),BYTES (Receiver)
0,60343553-5957-4bfc-8ae0-6cad3256a1cf,10.201.1.2,hostB,2021-06-22T18:51:47.791Z,4,355912278.8780732,333663504.277563,50134.0,51380.0,50309.0,27,cubic,cubic,2506661340
1,704dbc17-1a03-4f8d-b61b-28ce9804ff7f,10.201.1.2,hostB,2021-06-22T18:53:01.254Z,4,449235426.33116543,402246960.3362312,50136.5,52453.5,50323.0,34,cubic,cubic,3021896128
2,659de7bf-08a6-409a-9613-592a0959d057,10.201.1.2,hostC,2021-06-22T18:48:05.487Z,1,2476428661.216489,2468694398.3292327,20160.5,21039.5,20242.0,1702,cubic,cubic,18527688472
3,4c01e088-5fab-4433-ad26-ad709531760e,10.201.1.2,hostA,2021-06-22T18:49:19.839Z,4,428214305.8594855,426876207.98650664,30142.0,30298.0,30196.0,294,cubic,cubic,3204793248
4,c2033cdb-eb65-4b1b-a657-3fad6c478c06,10.201.1.2,hostC,2021-06-22T18:55:28.028Z,4,704189262.62105,701354162.0163364,20175.5,20273.5,20214.0,634,cubic,cubic,5263710152
5,4cddd353-b697-479f-89d3-60ead706169f,10.201.1.2,hostC,2021-06-22T18:54:15.353Z,4,585866488.120384,583451555.5226296,20144.0,20305.0,20204.5,531,cubic,cubic,4378842432
6,af4c2b2b-0fbf-4a18-aa9e-f393c194987e,10.201.1.2,hostA,2021-06-22T18:50:32.806Z,4,569122427.8415297,566216108.8454566,30161.0,30328.0,30206.5,649,cubic,cubic,4250912876
7,aff89797-db62-4756-ba06-eade73797057,10.201.1.2,hostB,2021-06-22T18:45:39.007Z,1,565752074.6203667,518313969.03692585,50139.0,51230.0,50249.5,32,cubic,cubic,3893869780
8,bc2c9161-1260-4b39-8266-9eb5698d5899,10.201.1.2,hostC,2021-06-22T18:46:52.955Z,1,2448641452.3277864,2441224576.183816,20153.0,20381.0,20219.0,1503,cubic,cubic,18321553396
9,1ccb576b-8052-42fe-bc93-8cff67c78892,10.201.1.2,hostA,2021-06-22T18:41:58.546Z,1,1593006168.791775,1585368986.0328476,30128.0,30731.0,30199.0,1894,cubic,cubic,11902240300
10,3b6455b2-ee1b-4093-8321-6213d77373e2,10.201.1.2,hostB,2021-06-22T18:44:25.873Z,1,525906643.74314624,478578056.57605016,50149.5,51183.5,50318.0,44,cubic,cubic,3595346604
11,c4a935c7-f0ea-4f6f-b47c-d6c338cd0e45,10.201.1.2,hostA,2021-06-22T18:56:42.224Z,1,1839332149.5346355,1813311148.3972466,30135.0,32148.5,30218.0,4943,bbr2,bbr2,13613536352
12,b6958c46-0cec-48b4-992e-c120c2d59a5d,10.201.1.2,hostA,2021-06-22T18:43:11.272Z,1,1605589064.0145814,1598006947.7961583,30154.0,30257.5,30186.5,1808,cubic,cubic,11997133840
13,d4b54dea-349d-44e1-8fd6-448bd61f9762,10.201.1.2,hostA,2021-06-22T18:57:54.957Z,1,1708101721.7242563,1685293474.0084589,30127.5,30974.0,30202.0,5199,bbr2,bbr2,12652458516
14,b39c27d7-7217-40d6-bb81-4c8b9eed0439,10.201.1.2,hostB,2021-06-22T18:59:09.567Z,1,8768846768.8832,8721147956.38524,50140.0,52106.0,51420.0,725,bbr2,bbr2,65518745780
15,a184c859-73c9-4638-805e-0ebf5e8159b2,10.201.1.2,hostB,2021-06-22T19:00:22.700Z,1,8761158066.89479,8730319096.87016,50136.5,52584.0,51488.5,753,bbr2,bbr2,65588813924
16,aa217450-62c2-4174-a502-661973c8aea3,10.201.1.2,hostC,2021-06-22T19:01:36.642Z,1,2649182649.0990863,2625956927.0783367,20145.5,21350.5,20266.0,5068,bbr2,bbr2,19707911776
17,e0cc8d6b-4297-4b11-a3d3-eba7dd963759,10.201.1.2,hostC,2021-06-22T19:02:49.179Z,1,2638881207.630672,2617068054.681585,20145.0,20624.0,20234.5,4855,bbr2,bbr2,19641249176
18,34c1475b-9bb7-4720-8261-096afd8d73af,10.201.1.2,hostA,2021-06-22T19:04:03.537Z,4,416957024.43562025,410425993.8655739,30128.0,30782.5,30261.0,2351,bbr2,bbr2,3081292952
19,16316246-313d-4404-a61a-3cafa74895da,10.201.1.2,hostA,2021-06-22T19:05:16.506Z,4,416923493.5327015,413310429.3115482,30148.0,32689.5,30425.5,2343,bbr2,bbr2,3102947112
20,01bb9c83-6859-4208-961c-8e6c1f868941,10.201.1.2,hostB,2021-06-22T19:06:31.522Z,4,2128921175.9976282,2081582976.3589177,50132.0,52134.5,51313.0,166,bbr2,bbr2,15638441908
21,c13b5fc0-4d2c-48c3-90d0-4f866b115dfa,10.201.1.2,hostB,2021-06-22T19:07:44.969Z,4,3021060335.670629,2970231926.47815,50128.5,52260.5,51482.5,319,bbr2,bbr2,22314598396
22,7ce14a48-68d7-4461-a6d6-26a629fae9e5,10.201.1.2,hostC,2021-06-22T19:08:59.105Z,4,612507889.6741287,607357872.1734315,20157.5,21911.0,20327.5,3288,bbr2,bbr2,4558249832
23,27ad222c-11d9-4148-b64c-41e21ace75a2,10.201.1.2,hostC,2021-06-22T19:10:11.765Z,4,974440625.2723954,969384134.9905803,20165.5,21795.5,20318.5,3760,bbr2,bbr2,7275283188
24,dae99a2a-d59a-490a-b008-c0ce6a6a88c0,10.201.1.2,hostA,2021-06-22T19:37:17.337Z,1,1579897906.672555,1572134606.6626413,30140.0,31215.0,30209.0,1704,cubic,cubic,11802899604
25,5329c006-9a72-411e-8950-ab45bab44dd2,10.201.1.2,hostA,2021-06-22T19:38:30.070Z,1,1596309925.5149338,1587772132.6017056,30145.0,31587.5,30215.5,1924,cubic,cubic,11920279468
26,53d24c45-2d89-4c95-923a-19d89ec7fb94,10.201.1.2,hostB,2021-06-22T19:39:44.678Z,1,434122725.37356466,406429807.98070276,50144.0,50984.0,50337.5,41,cubic,cubic,3053330452
27,f306276d-cd4e-411b-b2b0-3699ad25d1d8,10.201.1.2,hostB,2021-06-22T19:40:57.818Z,1,378074401.4612646,343364405.23634523,50137.0,50831.0,50331.5,45,cubic,cubic,2579551748
28,ba5fd4a3-b8fb-4885-b777-39ff4cd4669c,10.201.1.2,hostC,2021-06-22T19:42:11.760Z,1,2467167574.073684,2459773808.784824,20157.0,20567.5,20230.0,1886,cubic,cubic,18460748484
29,641c2b11-30c2-4370-a1d3-129158c50b8a,10.201.1.2,hostC,2021-06-22T19:43:24.293Z,1,2439397866.405716,2430159556.2142167,20159.5,20289.5,20201.5,2689,cubic,cubic,18238444372
30,e86aefd5-84a0-484e-841e-c36231709977,10.201.1.2,hostA,2021-06-22T19:44:38.659Z,4,530450421.9051513,528394451.6857653,30143.5,30285.0,30200.5,438,cubic,cubic,3966948096
31,9d6452c1-c239-4655-8ad7-47f50a3317b7,10.201.1.2,hostA,2021-06-22T19:45:51.620Z,4,430319948.76541364,428294059.4360917,30136.5,30347.0,30220.0,478,cubic,cubic,3215441368
32,7838db6a-bd34-4b21-ab17-a7d1a03065ad,10.201.1.2,hostB,2021-06-22T19:47:06.590Z,4,310391288.2775563,276094230.391113,50138.0,51267.5,50381.0,33,cubic,cubic,2074168708
33,4f240f3d-1096-41f6-a1c9-4cdd17077bb4,10.201.1.2,hostB,2021-06-22T19:48:20.044Z,4,448853136.30607665,401700732.6837073,50139.0,52357.5,50353.5,33,cubic,cubic,3017797944
34,e185eafa-c4c1-4580-881f-c318852db93e,10.201.1.2,hostC,2021-06-22T19:49:34.144Z,4,772862783.4640018,771075364.896186,20156.5,20395.5,20214.5,472,cubic,cubic,5786962348
35,7a7a1444-09b3-4c39-b649-fc3fd2d18467,10.201.1.2,hostC,2021-06-22T19:50:46.815Z,4,725626708.0141616,723194808.5150765,20161.5,20271.0,20206.5,406,cubic,cubic,5427619616
36,13b79fb0-49ed-49ff-bd4b-1138e204fca9,10.201.1.2,hostA,2021-06-22T19:52:01.009Z,1,1767512475.9150355,1743380863.6441066,30143.0,31271.5,30210.0,7097,bbr2,bbr2,13088521400
37,51a35b94-f3f2-4b28-a52e-981134be1e72,10.201.1.2,hostA,2021-06-22T19:53:13.741Z,1,1731844703.1196895,1709222215.218172,30130.5,30950.0,30211.0,5058,bbr2,bbr2,12832089616
38,37e9d0b7-cb65-4d18-b012-3c65256cae00,10.201.1.2,hostB,2021-06-22T19:54:28.351Z,1,8868970086.675995,8818152352.47565,50129.5,52635.0,51476.5,744,bbr2,bbr2,66249163800
39,5314f0d9-453d-4c93-aae2-ffe319fcc0d0,10.201.1.2,hostB,2021-06-22T19:55:41.483Z,1,8913192529.848467,8871063329.25445,50128.5,52539.5,51496.5,725,bbr2,bbr2,66646363792
40,0fcab892-fc63-48ca-88ba-f54b55fbde41,10.201.1.2,hostC,2021-06-22T19:56:55.422Z,1,2669445507.1191835,2646229958.1575685,20151.5,21104.5,20260.5,5075,bbr2,bbr2,19860117256
41,efae13f0-9b03-4ef9-b2b9-94e495e2dd17,10.201.1.2,hostC,2021-06-22T19:58:07.953Z,1,2710162814.1770854,2686295926.975144,20158.0,20676.5,20239.0,5450,bbr2,bbr2,20160814796
42,b7201928-9a4f-4c70-99fa-59dcda50bea3,10.201.1.2,hostA,2021-06-22T19:59:22.319Z,4,423424470.64267445,417265052.52182275,30151.5,31396.0,30281.0,2912,bbr2,bbr2,3132636576
43,9109603d-20fd-4f62-920f-132e2495edc8,10.201.1.2,hostA,2021-06-22T20:00:35.290Z,4,522322090.013492,516929902.2255492,30153.5,31067.0,30359.0,3489,bbr2,bbr2,3880895180
44,2e705e54-f08b-4e52-9158-3c5100eccbb6,10.201.1.2,hostB,2021-06-22T20:01:50.270Z,4,2048714160.23348,2002310384.262677,50125.0,52222.5,51337.5,164,bbr2,bbr2,15043140416
45,aad35c3c-2b5e-441a-8c5a-87459fd3869f,10.201.1.2,hostB,2021-06-22T20:03:03.760Z,4,2157931628.702557,2111083451.058614,50170.5,52158.5,51233.5,188,bbr2,bbr2,15860173348
46,1f7f071a-e762-4106-80db-fac9062ee07e,10.201.1.2,hostC,2021-06-22T20:04:17.845Z,4,763329088.116064,756433588.0633253,20161.0,21795.5,20293.5,3322,bbr2,bbr2,5677063012
47,fbfeef79-60fe-492e-9007-d3c2ece4e5f4,10.201.1.2,hostC,2021-06-22T20:05:30.510Z,4,743404230.890833,736976059.884931,20157.5,21839.5,20290.5,2873,bbr2,bbr2,5531049548
48,d047c376-51e6-4b4a-ad3e-dd498a9e2372,10.201.1.2,hostA,2021-06-24T17:56:57.396Z,1,1546170145.807168,1538723085.5067425,30136.0,30239.0,30181.0,1550,cubic,cubic,11552042424
49,bee20c6e-b540-4c33-a20b-f0643a123118,10.201.1.2,hostC,2021-06-24T18:01:51.866Z,1,2473658796.500432,2464087182.484463,20149.5,20341.0,20220.0,2441,cubic,cubic,18493184984
50,562f5d0a-a307-4484-8f91-1eb3eaca567c,10.201.1.2,hostB,2021-06-24T17:59:24.771Z,1,463516374.7049505,437896528.1980457,50145.0,50970.0,50282.0,31,cubic,cubic,3289727664
51,17cbce9a-5af4-45bd-b699-73d7ee79e984,10.201.1.2,hostB,2021-06-24T18:14:08.458Z,1,8909515574.813946,8870207002.69109,50106.5,52430.5,51459.0,729,bbr2,bbr2,66638042152
52,7631a997-23c6-498e-8c08-2407ad1bc61b,10.201.1.2,hostC,2021-06-24T18:17:48.069Z,1,2659309283.7713,2636761111.48586,20156.5,21302.0,20241.0,5468,bbr2,bbr2,19789007500
53,690f78a4-b40f-47ab-82de-bd2e4db7eead,10.201.1.2,hostB,2021-06-24T18:15:21.592Z,1,8958996412.53429,8918047393.85131,50154.5,52204.0,51483.0,677,bbr2,bbr2,66998184360
54,f17a2b86-0f26-48af-b928-b5846e57c417,10.201.1.2,hostC,2021-06-24T18:09:14.252Z,4,503220954.50190157,501062788.4631704,20152.5,20466.0,20217.0,410,cubic,cubic,3760499840
55,6897cb24-60f7-428b-877e-ed38eff13253,10.201.1.2,hostC,2021-06-24T18:23:58.916Z,4,377463114.826366,373199231.8843126,20150.5,21197.5,20294.5,2003,bbr2,bbr2,2800880528
56,2abbe259-e593-4e09-a8d4-ae607895230f,10.201.1.2,hostC,2021-06-24T18:16:35.537Z,1,2684143749.05823,2659395016.139548,20144.5,21186.0,20237.0,4336,bbr2,bbr2,19958894228
57,66fb3a1c-4d52-4e64-8cb0-5e192740758a,10.201.1.2,hostA,2021-06-24T17:58:10.127Z,1,1579550251.1747906,1571071594.0605156,30146.0,30715.5,30200.0,2094,cubic,cubic,11794917988
58,2d92fbf1-cd5a-482c-8d3b-2253e4db8bcd,10.201.1.2,hostB,2021-06-24T18:00:37.916Z,1,406368925.9857733,384070045.8871482,50129.0,50627.0,50192.0,29,cubic,cubic,2885349648
59,217a38b7-d446-4213-b203-0293d4a2021a,10.201.1.2,hostA,2021-06-24T18:05:31.732Z,4,420649556.9823607,419334418.7056191,30134.0,30579.5,30217.5,303,cubic,cubic,3148179252
60,340d8757-0b7e-41b7-bff8-4b92facc877c,10.201.1.2,hostB,2021-06-24T18:22:44.817Z,4,2921111574.1327777,2873530528.4484477,50117.0,52122.0,51381.0,269,bbr2,bbr2,21588083432
61,070e319c-2e8f-4333-bcff-d235cac799fb,10.201.1.2,hostB,2021-06-24T18:06:46.691Z,4,452198028.019789,422952713.41472036,50154.5,51308.5,50405.0,47,cubic,cubic,3177457108
62,036f9164-643a-4033-bc2d-9d7e0c36dd6d,10.201.1.2,hostC,2021-06-24T18:25:11.579Z,4,768745505.7720597,763183357.75801,20157.0,21525.0,20300.0,4042,bbr2,bbr2,5727726588
63,05505cbe-f286-4d86-b510-490108b1fbb5,10.201.1.2,hostC,2021-06-24T18:10:26.918Z,4,525590218.1673716,523637179.8126222,20146.0,20540.0,20214.5,459,cubic,cubic,3929930220
64,525fc600-f732-4d73-9bb1-42513370db7e,10.201.1.2,hostB,2021-06-24T18:08:00.166Z,4,390465888.8765408,369105149.192339,50119.0,50847.5,50269.0,22,cubic,cubic,2772918028
65,761f3bbe-10f1-4bbd-a6ef-42b31e0653d2,10.201.1.2,hostC,2021-06-24T18:03:04.400Z,1,2580031332.229068,2572029075.015554,20161.0,21223.5,20215.0,1666,cubic,cubic,19303211632
66,073d22cc-9246-4956-b3f7-63f787b40bfb,10.201.1.2,hostA,2021-06-24T18:12:53.844Z,1,1731153398.845565,1706057584.8340747,30124.0,30619.5,30196.0,5681,bbr2,bbr2,12808341624
67,a5f796a0-12d9-43c4-9669-dd900fef0ca5,10.201.1.2,hostA,2021-06-24T18:19:02.423Z,4,667025437.7207466,659358335.8317916,30132.5,31346.5,30326.0,4366,bbr2,bbr2,4950163284
68,2527134a-ce1c-484e-bf40-fe246dde92dd,10.201.1.2,hostA,2021-06-24T18:04:18.765Z,4,333459664.674354,331438569.672702,30132.5,30692.0,30238.5,485,cubic,cubic,2488300044
69,289e4519-3751-4b4b-b150-50a17a6ff603,10.201.1.2,hostB,2021-06-24T18:21:31.374Z,4,2281136918.7956,2233696851.894221,50150.5,52087.5,51232.0,197,bbr2,bbr2,16781352052
70,e441f7f4-3fbd-4ff4-a051-971060286739,10.201.1.2,hostA,2021-06-24T18:11:41.111Z,1,1736048749.1471884,1713187014.7587774,30138.0,30942.5,30195.5,4368,bbr2,bbr2,12861850664
71,84d236aa-b386-4ee4-b5e1-01a923e8a8b5,10.201.1.2,hostA,2021-06-24T18:20:15.387Z,4,651138148.5288572,645501393.8027065,30143.0,30882.0,30275.0,2898,bbr2,bbr2,4846142784
72,a61aaa6e-df78-4b4c-a6fb-a292df0c772f,10.201.1.2,hostA,2021-06-28T18:53:00.826Z,1,1630380628.4749649,1623276822.0993054,30062.0,30264.5,30185.5,1535,cubic,cubic,12186858284
73,237c2326-9652-48c1-afff-c1fc78ca00da,10.201.1.2,hostA,2021-06-28T18:54:13.558Z,1,1659031912.1705728,1652145315.2700727,30144.5,30307.5,30193.0,1344,cubic,cubic,12403578844
74,676c15f6-6e16-488a-b1f1-6d19826d9238,10.201.1.2,hostA,2021-06-28T20:30:47.452Z,1,988743899.699597,983358400.325459,31370.0,31501.0,31422.5,0,cubic,cubic,7382614448
75,81e21bcc-135d-471c-8464-84d4fe634a2e,10.201.1.2,hostA,2021-06-28T20:32:00.530Z,1,1976051819.9257247,1965511216.9481769,31377.5,31460.5,31420.5,0,cubic,cubic,14756187004
76,e8120a08-654a-4d83-98be-6713d1ff955e,10.201.1.2,hostA,2021-06-28T20:33:13.592Z,1,2962443216.40221,2946648650.319039,31429.5,31575.5,31489.0,0,cubic,cubic,22122117968
77,2d42af51-8e15-46bf-99ee-9006facbe3c9,10.201.1.2,hostA,2021-06-28T20:34:26.644Z,1,3947082059.6250334,3926023684.073209,31385.5,31634.5,31488.0,0,cubic,cubic,29474841684
78,505908c8-968b-480b-8913-fc59430c3679,10.201.1.2,hostA,2021-06-28T20:35:39.719Z,1,4928348200.67204,4902258855.84978,31674.5,31935.5,31826.0,0,cubic,cubic,36803996368
79,99f35148-cf45-4a8c-8a98-9e71898397ea,10.201.1.2,hostA,2021-06-28T20:36:52.773Z,1,5913481969.352346,5881715852.944277,31744.5,31864.5,31799.0,0,cubic,cubic,44157328052
80,d683072d-8783-42b7-a111-8e6385d2e5a8,10.201.1.2,hostB,2021-06-28T20:38:07.707Z,1,251205027.32202187,242602218.02263734,50140.0,51400.5,50452.0,22,cubic,cubic,1822568844
81,a189ca0a-4978-40e7-8672-4cde841468d6,10.201.1.2,hostB,2021-06-28T20:39:21.161Z,1,216368946.8928518,199184390.68875015,50137.5,51039.5,50465.5,32,cubic,cubic,1496387400
82,dbc54d65-349a-43d0-97f2-1738eee31823,10.201.1.2,hostB,2021-06-28T20:40:34.618Z,1,231431971.08004817,225092913.01951116,50138.0,50531.0,50276.5,20,cubic,cubic,1691024296
83,28b35546-70ab-4958-b6dc-9ffe4e056fa9,10.201.1.2,hostB,2021-06-28T20:41:48.081Z,1,221437098.79964706,216267675.36119783,50145.0,51004.5,50333.5,26,cubic,cubic,1624728564
84,08e9bb60-6e17-497f-bc14-721e9c0c9871,10.201.1.2,hostB,2021-06-28T20:43:01.537Z,1,194757046.705101,192873110.480379,50132.0,50619.0,50291.5,21,cubic,cubic,1448971948
85,32f460b6-2800-4e92-b038-35f34698aa5c,10.201.1.2,hostB,2021-06-28T20:44:14.994Z,1,277219579.44457084,271546094.8311067,50134.5,50686.5,50274.0,22,cubic,cubic,2040005244
86,ca40626e-97d4-4e70-8597-0268740be6fd,10.201.1.2,hostC,2021-06-28T20:45:29.284Z,1,990975052.1395354,987424295.7589895,21380.0,21484.5,21428.5,0,cubic,cubic,7410675376
87,071be26d-0dff-4073-b30c-9075a6321d33,10.201.1.2,hostC,2021-06-28T20:46:42.142Z,1,1979613921.069544,1972270444.085745,21417.0,21489.0,21451.0,0,cubic,cubic,14802134984
88,fcb740c3-03b8-47be-a9c9-5ef5387339b7,10.201.1.2,hostC,2021-06-28T20:47:55.000Z,1,2966973301.621359,2956038343.375736,21410.5,21577.0,21491.5,0,cubic,cubic,22185219264
89,d6f9168c-36f9-4ed6-907b-ee8053e4c65c,10.201.1.2,hostC,2021-06-28T20:49:07.858Z,1,3955619113.745937,3940863636.7315674,21493.5,21726.0,21576.0,0,cubic,cubic,29576598340
90,c8d9b36e-a06d-405b-bcf7-ddad1589fcc5,10.201.1.2,hostC,2021-06-28T20:50:20.711Z,1,4941775046.527064,4923254849.226116,21716.5,21937.0,21823.5,0,cubic,cubic,36949562432
91,8c818c27-9622-4771-b578-abc0c9269850,10.201.1.2,hostC,2021-06-28T20:51:33.565Z,1,5927789803.03472,5905835563.804377,21648.5,21840.5,21773.5,0,cubic,cubic,44323964004
92,9c86df16-6913-4442-96b3-7845ed743526,10.201.1.2,hostA,2021-06-28T20:52:48.268Z,4,989583794.7894394,984198788.572633,31404.0,31502.0,31450.5,0,cubic,cubic,7388940684
93,4ee2a0ef-24d9-4074-85bc-69e6df516f10,10.201.1.2,hostA,2021-06-28T20:54:01.567Z,4,1975769600.6726394,1965283271.1316464,31431.5,31521.0,31481.0,0,cubic,cubic,14754495832
94,a02a6a11-bdee-4989-8656-a105ff4a1694,10.201.1.2,hostA,2021-06-28T20:55:14.856Z,4,2324733068.88074,2311363564.88778,31580.5,31715.5,31650.0,0,cubic,cubic,17353576652
95,1b9aaabc-33d8-42e8-af97-5e062aa42d87,10.201.1.2,hostA,2021-06-28T20:56:28.143Z,4,2319651664.99778,2306629587.2815957,31627.5,31791.5,31694.0,0,cubic,cubic,17317924672
96,12b6f72b-00f7-4b38-818d-b50bbf11a899,10.201.1.2,hostA,2021-06-28T20:57:41.430Z,4,2799376458.2526674,2783430160.330856,31725.5,31912.0,31816.0,0,cubic,cubic,20898031568
97,6b59fde1-8296-4a84-bb7e-3129576e88c9,10.201.1.2,hostA,2021-06-28T20:58:54.720Z,4,2410554952.600362,2397447344.9817967,31576.5,31793.0,31685.0,0,cubic,cubic,17999863848
98,d2659e3d-582d-4a65-b384-381abb4453de,10.201.1.2,hostB,2021-06-28T21:00:09.995Z,4,259618217.0838824,250911985.60276765,50140.0,51399.5,50322.5,18,cubic,cubic,1884990092
99,d12bbf9c-5fdb-4c5d-9dbf-009def72ad19,10.201.1.2,hostB,2021-06-28T21:01:23.794Z,4,348348151.1706136,331594204.66564167,50133.5,51319.5,50278.0,24,cubic,cubic,2491118664
100,ad635bac-3142-4439-9064-ef7667fff154,10.201.1.2,hostB,2021-06-28T21:02:37.572Z,4,342621958.12193924,317199619.3110064,50122.5,52346.5,50370.0,23,cubic,cubic,2382982084
101,55860fff-a9de-4ef0-88b2-42696399b05d,10.201.1.2,hostB,2021-06-28T21:03:51.357Z,4,227113065.8341701,223406797.671848,50141.0,50549.0,50279.5,19,cubic,cubic,1678353928
102,7301a6f7-c380-44a5-8f50-a2ac20614590,10.201.1.2,hostB,2021-06-28T21:05:05.153Z,4,299114570.7357819,283327267.8596595,50131.5,50922.0,50399.0,26,cubic,cubic,2128509912
103,8e93740b-09bc-4cfc-a32d-87c8970f24de,10.201.1.2,hostB,2021-06-28T21:06:18.932Z,4,286507092.5111696,271241315.62612426,50132.5,51010.5,50319.0,22,cubic,cubic,2037714556
104,06c2a8c5-087d-485f-b8dd-579227818655,10.201.1.2,hostC,2021-06-28T21:07:33.389Z,4,990849813.282665,987209178.3624144,21393.5,21514.0,21463.0,0,cubic,cubic,7409046840
105,646f81fa-3455-458b-a06d-51233cf6fa29,10.201.1.2,hostC,2021-06-28T21:08:46.377Z,4,1980478020.1961575,1973456627.0472848,21449.5,21524.0,21487.0,0,cubic,cubic,14810930868
106,40354a80-32da-4dab-b5b5-c8f8eb05044f,10.201.1.2,hostC,2021-06-28T21:09:59.370Z,4,2416345641.17371,2407296972.87166,21559.0,21682.5,21607.5,0,cubic,cubic,18067689688
107,f059a29e-e9aa-4df4-8e98-a2605083018d,10.201.1.2,hostC,2021-06-28T21:11:12.352Z,4,2625491512.2305818,2615481256.365798,21579.0,21749.0,21665.0,0,cubic,cubic,19630341564
108,204edb63-eca7-4581-ab82-1da7e87317d8,10.201.1.2,hostC,2021-06-28T21:12:25.338Z,4,2617988278.480342,2608051605.204728,21583.5,21794.0,21674.5,0,cubic,cubic,19574586576
109,1e7dc443-5644-4f9c-9083-6ef9458e20bf,10.201.1.2,hostC,2021-06-28T21:13:38.327Z,4,1548042346.8165562,1541984324.8252068,21609.5,21810.5,21700.0,0,cubic,cubic,11573213392
110,238dd798-d0bc-45d2-bf57-376b001779b4,10.201.1.2,hostA,2021-06-28T21:14:52.837Z,1,972859655.3920974,961948966.151798,30154.0,30937.5,30598.0,0,bbr2,bbr2,7221881524
111,0ca152b5-321c-4695-bd5a-9dc4236c0adb,10.201.1.2,hostA,2021-06-28T21:16:05.895Z,1,1944711717.6104972,1923329645.8625827,30149.0,30814.5,30491.0,0,bbr2,bbr2,14439517284
112,15a1273a-9ce7-408a-a670-064b82235ec2,10.201.1.2,hostA,2021-06-28T21:17:18.951Z,1,2910292519.66689,2877917264.579139,30164.5,31630.5,30675.0,0,bbr2,bbr2,21606140496
113,984ba6c6-873e-4b68-a840-9bd2c51ce09e,10.201.1.2,hostA,2021-06-28T21:18:32.010Z,1,3877595240.245236,3834059458.986694,30195.0,31712.5,30810.5,0,bbr2,bbr2,28784485588
114,8a904702-4526-461e-a30a-eb5b8b7d7615,10.201.1.2,hostA,2021-06-28T21:19:45.076Z,1,4834769151.528295,4788238902.599738,30498.0,31975.5,31088.5,0,bbr2,bbr2,35948129116
115,cd6e9099-da3e-4fd3-834a-6fd44f46bd4a,10.201.1.2,hostA,2021-06-28T21:20:58.120Z,1,5792635242.09495,5745970744.046428,30191.5,31854.5,30997.5,0,bbr2,bbr2,43138205036
116,26be750b-2951-40d4-a666-cef9040eda3f,10.201.1.2,hostB,2021-06-28T21:22:13.042Z,1,968490432.771887,951990119.2238833,50130.0,51480.5,50666.5,81,bbr2,bbr2,7151890268
117,5df16c88-62be-4782-ba04-cbcc2b3a32d7,10.201.1.2,hostB,2021-06-28T21:23:26.501Z,1,1930217245.056663,1894586950.448571,50135.0,52312.5,50752.5,159,bbr2,bbr2,14233185352
118,4634d678-32a5-4791-a64c-ddc8758173b2,10.201.1.2,hostB,2021-06-28T21:24:39.970Z,1,2845600861.4774585,2803779592.598587,50129.5,52254.5,50856.5,247,bbr2,bbr2,21063596412
119,df58d09d-8de1-4aea-aedb-e8b155a61d4d,10.201.1.2,hostB,2021-06-28T21:25:53.488Z,1,3724475651.143828,3671888931.214148,50148.5,52077.5,50896.0,319,bbr2,bbr2,27585387804
120,761454d8-2bb8-4d04-903a-186ffe4c10fe,10.201.1.2,hostB,2021-06-28T21:27:06.986Z,1,4587121082.378467,4545706600.5375,50141.5,52506.0,51201.5,360,bbr2,bbr2,34149939036
121,afb87869-1fd8-4b12-9d00-924a569ac854,10.201.1.2,hostB,2021-06-28T21:28:20.443Z,1,5477012689.618528,5437102384.414147,50154.5,52494.5,51292.0,428,bbr2,bbr2,40846747508
122,10d6f160-9cce-4082-ac0e-25d88435b048,10.201.1.2,hostC,2021-06-28T21:29:34.774Z,1,971986858.0188367,964681025.0308415,20163.0,20964.0,20749.0,0,bbr2,bbr2,7240019120
123,d2607e64-1f2c-47ef-af45-caf72286bc5a,10.201.1.2,hostC,2021-06-28T21:30:47.604Z,1,1939479463.4885721,1925051244.0790114,20135.0,20877.0,20491.0,0,bbr2,bbr2,14447615224
124,17d2a28e-6c0a-4230-bc26-2d9ac896f9e6,10.201.1.2,hostC,2021-06-28T21:32:00.456Z,1,2914121172.991965,2892447779.7347536,20204.5,20941.0,20772.0,0,bbr2,bbr2,21707995580
125,1b3b7367-3454-40bf-aac2-2ffdda009d5a,10.201.1.2,hostC,2021-06-28T21:33:13.316Z,1,3881089648.8319626,3852088539.590293,20187.5,21047.5,20801.5,0,bbr2,bbr2,28910201840
126,f6d7e44f-76b9-4d7f-9ac1-74b65ff5c43b,10.201.1.2,hostC,2021-06-28T21:34:26.169Z,1,4846650414.515976,4810335839.931436,20200.5,21285.0,21041.0,0,bbr2,bbr2,36102094204
127,b9b511f1-248f-466d-a2e3-445946005d25,10.201.1.2,hostC,2021-06-28T21:35:39.025Z,1,5814820520.122183,5771162576.703056,20176.0,21257.5,21047.0,0,bbr2,bbr2,43313031060
128,66a3a3d2-9e4f-4df6-a15b-0316040c23bc,10.201.1.2,hostA,2021-06-28T21:36:53.734Z,4,972233463.5942924,961403712.8322507,30184.5,30995.5,30758.0,0,bbr2,bbr2,7217819132
129,4a7e92f9-c4fb-45f3-8b86-d95e462095ee,10.201.1.2,hostA,2021-06-28T21:38:07.011Z,4,1948557461.9670658,1926985283.2286189,30213.5,30891.0,30607.0,0,bbr2,bbr2,14466951852
130,52dc242f-9c5e-46ad-a928-85a3393f0b07,10.201.1.2,hostA,2021-06-28T21:39:20.300Z,4,2364493188.1497273,2335545302.50492,30238.5,31423.0,30965.5,0,bbr2,bbr2,17534612588
131,190f5c5a-342a-457e-9367-d55b226181a1,10.201.1.2,hostA,2021-06-28T21:40:33.584Z,4,2611088215.080496,2571978214.454426,30396.0,31399.0,31154.0,0,bbr2,bbr2,19309895788
132,21ba6003-4440-4cc3-9939-059b1ddac613,10.201.1.2,hostA,2021-06-28T21:41:46.882Z,4,2445590408.936333,2416181835.212571,30217.0,31789.5,31136.0,0,bbr2,bbr2,18140231124
133,cb961fcd-60e5-45d8-a949-5b608d71b7ed,10.201.1.2,hostA,2021-06-28T21:43:00.169Z,4,2280956694.3186336,2242525499.47194,30653.0,31796.0,31276.5,0,bbr2,bbr2,16836400148
134,aa6b8fa0-71b5-45e0-9387-c95bfb3dbb97,10.201.1.2,hostB,2021-06-28T21:44:15.451Z,4,970597061.6143585,952157597.9006896,50170.5,52831.5,50642.0,85,bbr2,bbr2,7153142988
135,c61da597-2183-4c5e-81ed-ca349830b561,10.201.1.2,hostB,2021-06-28T21:45:29.245Z,4,1908713042.753624,1873282689.0609546,50142.0,51433.0,50696.5,181,bbr2,bbr2,14073168268
136,24c50992-c934-4751-9cca-ed6675a13a73,10.201.1.2,hostB,2021-06-28T21:46:43.042Z,4,2468477098.585879,2422196568.418502,50147.0,51812.5,51065.0,193,bbr2,bbr2,18197435688
137,2baa70c4-b5d6-4682-af95-bf0a4db885c7,10.201.1.2,hostB,2021-06-28T21:47:56.826Z,4,2608295127.645847,2566061497.669958,50162.0,52041.0,51321.0,263,bbr2,bbr2,19278225668
138,b1147fc9-4825-4d75-bf5a-602a5a24e0be,10.201.1.2,hostB,2021-06-28T21:49:10.636Z,4,3014614923.3134475,2970173859.257679,50141.0,52200.0,51343.0,252,bbr2,bbr2,22314598396
139,dc30d56a-fac1-465e-ab87-55053e8f31e2,10.201.1.2,hostB,2021-06-28T21:50:24.435Z,4,2308398445.270391,2263194880.186178,50161.0,52218.5,51233.0,212,bbr2,bbr2,17002958220
140,e8e54987-2a2e-48a7-8b80-dc79da97152f,10.201.1.2,hostC,2021-06-28T21:51:38.841Z,4,972525407.0393108,965132992.1421112,20177.5,21015.0,20775.0,0,bbr2,bbr2,7243374620
141,a3acc420-bdd7-4c20-89f8-7354dab4cfbb,10.201.1.2,hostC,2021-06-28T21:52:51.836Z,4,1941758307.5860028,1927249204.045523,20183.5,20886.5,20719.0,0,bbr2,bbr2,14464124284
142,43b9764e-9da4-4220-9295-1346cc21c86b,10.201.1.2,hostC,2021-06-28T21:54:04.818Z,4,2569156003.6378613,2551623328.0721326,20240.5,21201.5,20981.5,0,bbr2,bbr2,19150591396
143,a863c7d7-331c-441d-9179-8b9cf2cdfc8a,10.201.1.2,hostC,2021-06-28T21:55:17.810Z,4,2891742310.582239,2870525624.9715824,20475.5,21328.0,21136.0,0,bbr2,bbr2,21544130856
144,247c4b03-41d0-4360-9e25-eada6a2bb4e1,10.201.1.2,hostC,2021-06-28T21:56:30.798Z,4,2680629628.8148212,2658751479.6216574,20250.5,21300.5,21089.5,0,bbr2,bbr2,19954831836
145,2e01ab26-4733-4a53-85d3-4d45d059db74,10.201.1.2,hostC,2021-06-28T21:57:43.798Z,4,2051859918.7610934,2030815159.9840865,20207.5,21386.0,21128.5,0,bbr2,bbr2,15241839704
